{"cameraMode":{"drawMode":0,"name":"Shaded","section":"Shading Mode"},"sceneLighting":true,"audioPlay":false,"sceneViewState":{"showFog":false,"showMaterialUpdate":false,"showSkybox":false,"showFlares":false,"showImageEffects":false,"showParticleSystems":true},"in2DMode":false,"pivot":{"x":27.09776496887207,"y":-9.62903118133545,"z":-16.615692138671876},"rotation":{"x":-0.14980244636535645,"y":-0.7444376945495606,"z":0.17802269756793977,"w":-0.6258687973022461},"size":59.960243225097659,"orthographic":false}